customer_id,latent_expected_transactions_month,latent_typical_transaction_amount,latent_amount_variability,latent_online_probability,latent_international_probability,latent_night_probability,latent_weekend_probability,latent_number_of_devices,latent_geographic_mobility
ID_C00001,24.476009439711472,26.38737857670192,0.6792989599556912,0.3440564716391214,0.005,0.017445512328442048,0.22639202015836427,2,0.19763472869117038
ID_C00002,47.614500761503706,61.4226871180117,0.5719325600403322,0.5127241206968033,0.06870037369008183,0.028517688427919047,0.29843753920412497,1,0.6054140361568727
ID_C00003,21.618909780659507,37.14891291522164,0.4272629840649342,0.372254133867403,0.043818820717247915,0.03929180444592232,0.20239332247558853,2,0.3495279133915186
ID_C00004,40.69622810260272,105.98753894918215,0.733754866217105,0.19877572709284627,0.017449090870084893,0.06539948556438739,0.3364486146360446,1,0.19918122276449662
ID_C00005,33.72009883834519,84.32044691678587,0.46857595943616537,0.6043154268305195,0.02337961170845223,0.135804033076668,0.25583429045703643,3,0.5314696275686274
ID_C00006,22.526561581394777,44.90401508550276,0.5824254282960161,0.02,0.03721315134570795,0.038240683642680115,0.1880561075878329,1,0.4793929573481275
ID_C00007,16.248515696754986,58.92060124372903,0.5326180532405944,0.21651149700142253,0.05651012260420023,0.06465555828398195,0.25556132898964273,1,0.2581529913301875
ID_C00008,17.01183275125699,49.330295919058734,0.4542643218623181,0.1224313676662078,0.07466851143986077,0.02701369284995972,0.3048580372026882,1,0.38285824248813216
ID_C00009,17.22210696724592,37.29144478165614,0.5821567701636938,0.5190653460279762,0.06827100950229646,0.07345185147333372,0.26184730767174647,1,0.15649924252931524
ID_C00010,21.344884864552185,24.864384683761685,0.5005223875516818,0.4480746658905909,0.06786124704119777,0.06663462772431966,0.2950757257745288,1,0.2904338146912321
ID_C00011,19.39045645275014,25.224544303427805,0.30900295106025766,0.45027531723985187,0.06599096906893746,0.06736302361599847,0.26109187229803055,5,0.18599735341073026
ID_C00012,19.538382744618442,55.98046043793025,0.35118168239761516,0.19344236435458573,0.059509424093291116,0.03514625110758014,0.14769710728057728,3,0.3026222574628131
ID_C00013,31.531730927897115,27.260946058484382,0.29222216056994454,0.41792756349563165,0.058799867358870606,0.08397968938101091,0.3417555622957289,1,0.4755963469463474
ID_C00014,14.511992612995341,30.968756487451365,0.7125600591883986,0.21101901968442321,0.005,0.06587877367036012,0.20888886514506133,3,0.40057518814732573
ID_C00015,70.40074697735784,144.34517446944176,0.7189132274874914,0.3010461879968136,0.03471814877074762,0.0566927865585959,0.23935294523448372,2,0.2831050936300338
ID_C00016,26.139951130682153,31.94503624436991,0.3201245444993054,0.4464346247174189,0.005,0.07784230227316673,0.29731087245908394,3,0.24008452817530174
ID_C00017,23.11814352557508,30.588245001543847,0.5274262346957417,0.6128469732435164,0.01714453283102456,0.07096223009340863,0.2348536410956487,3,0.2951084968637479
ID_C00018,27.831608413180145,53.79020408384281,0.2724553096961645,0.6274394236232752,0.005,0.13431469794305298,0.3589545628205218,4,0.32632590016366275
ID_C00019,17.32079396055241,54.48162808678317,0.29723333403075763,0.4035755991995992,0.057329377488876246,0.019388274206987494,0.21159204003771676,1,0.5068398864939956
ID_C00020,32.86855208092427,38.60522234826669,0.5496913957604217,0.2892954317956512,0.01421091924176695,0.06608316986722612,0.26026974385702056,2,0.340508945855872
ID_C00021,36.005118352852435,41.475936549176254,0.5888293368064288,0.044982789896897746,0.04805126392279528,0.028919243242678222,0.1590593469788186,1,0.25990518711590255
ID_C00022,48.22675506131967,26.47247205437364,0.3155288757786566,0.5015830566666422,0.03689307622552157,0.1150689456326151,0.30690577185019635,4,0.3290996149525466
ID_C00023,23.40250642523571,25.92283460383492,0.3201697985319563,0.1728228330138905,0.1506989615013568,0.09692111528204175,0.177337832472059,3,0.33787260043084083
ID_C00024,33.55182373535423,29.88169002329842,0.6484085441625809,0.02,0.043493363178203695,0.023439639703510925,0.19352802863169632,2,0.28868849348969317
ID_C00025,18.91855382732785,25.02422589894921,0.37391978147567906,0.12125774187259689,0.006128576861814415,0.09592283820803285,0.4252533584620204,1,0.25581012518543633
ID_C00026,20.285699927072823,59.89999606474918,0.4051673369620372,0.625472215405789,0.08109350304246976,0.14086915186166546,0.281192196438495,2,0.2714191507230402
ID_C00027,31.884259008194505,49.3792574145167,0.2766909663135877,0.44715385225451393,0.09050863271279314,0.09388573319171165,0.2975878204199602,4,0.2883256081903813
ID_C00028,52.012534259857006,46.90938611714293,0.45813121285159614,0.5736942790305233,0.005503541120663286,0.20977857382722162,0.39313746125735693,2,0.4112926177869817
ID_C00029,21.103077359540624,19.240647680456643,0.6510129401367968,0.576371720435652,0.052098671934249746,0.12269572035491114,0.29482558659670194,4,0.2715779682588379
ID_C00030,37.230466162918354,50.65612167315097,0.31988420547697843,0.3243278217521417,0.0631198193485644,0.09318375535410463,0.20330692975419312,1,0.26057697322525275
ID_C00031,34.25678134038037,29.53284652599853,0.39843823728564265,0.6300044594698959,0.07330620967950828,0.0933077901352486,0.33887059444888473,4,0.264411485575835
ID_C00032,22.518416576226958,30.26251823405898,0.6174465811551454,0.03216963768851343,0.15129401369670645,0.045233723562371014,0.278562354673366,1,0.5184775389176162
ID_C00033,58.115571015990305,34.65947606076299,0.3187039650189011,0.3827992807405184,0.029268806305349015,0.12778071083191805,0.2818766905448848,3,0.30401278207426463
ID_C00034,27.67277185937823,50.98167622155283,0.5324753057362209,0.610876147222444,0.005,0.09760916822575649,0.28360167866162894,5,0.11020867206552692
ID_C00035,58.67010005416509,52.1437920895309,0.45930415039518974,0.3429056338478206,0.15255054759864842,0.11671178889972596,0.29164390100685844,2,0.1963985682312742
ID_C00036,33.238638963480824,42.33666420865311,0.3238916862710958,0.6499824246910295,0.00765855672086363,0.08687477424201055,0.3540727773829487,5,0.45947527085243867
ID_C00037,47.23928970746522,63.016116839669564,0.3092392886085207,0.7827653100346086,0.04179353244535823,0.039911942698337144,0.3602127180758571,2,0.45714608218326325
ID_C00038,19.976512773348155,27.275902064864738,0.47927404089927556,0.3205863709974576,0.06758546424067974,0.10310469607031927,0.2938137089664277,1,0.022787587604082726
ID_C00039,35.67220508073221,37.26118157586835,0.6684482898304691,0.620195362622127,0.05552965728234728,0.14900332713439635,0.29146056870575343,1,0.2154392084556141
ID_C00040,32.86749142354846,48.68509513069897,0.34910211360644894,0.2106258827775428,0.07084669022928451,0.04335403020211553,0.2741228916335935,1,0.26083275547350127
ID_C00041,22.2331128333375,24.87313563261494,0.6747044214615365,0.33217355598448234,0.07997735598910963,0.042877898340435636,0.28988950409709263,3,0.20766537998314505
ID_C00042,35.332298409139135,41.501522673346955,0.6755655498809675,0.1905599647801265,0.005,0.02779665365665869,0.20209916559627855,4,0.17513472730109586
ID_C00043,41.326008290414705,42.7012344432731,0.6047891425503104,0.5928296991568485,0.02579997148765076,0.036652494040661135,0.22651237943551553,2,0.27729067908763133
ID_C00044,39.266815084694834,52.00975157778641,0.7230122267790475,0.6157213849135621,0.005,0.11668056041429957,0.26342559139513727,2,0.2842634963755986
ID_C00045,24.85636896977039,87.29423972738685,0.3096087630988723,0.2569381135132779,0.056407623732683015,0.07690600393665964,0.17771694836163265,3,0.19999574328607128
ID_C00046,11.465971523188532,15.274040485725935,0.40852045565861894,0.2041324715060667,0.03827233653404953,0.09843077906073792,0.33529966849536497,2,0.251150611637961
ID_C00047,31.684281880283805,48.46261856556192,0.40810707591202156,0.5160741516115985,0.09255406130937435,0.061451544346439894,0.28031695311811344,2,0.4719857407927407
ID_C00048,18.585910994119917,37.84535381580565,0.5018164625915496,0.3829592418835796,0.018820704130983218,0.10075753397393883,0.2574231405407116,2,0.3798702283576115
ID_C00049,29.241318468005584,40.52668412279607,0.39030571806682796,0.2953965579308696,0.0376530777781435,0.07338867813662873,0.18842969578924385,1,0.06110256058512026
ID_C00050,20.740260664208535,77.64967636333166,0.3268064495303174,0.478051976671521,0.005,0.055886779053958724,0.2528252246033683,4,0.11268499764066686
ID_C00051,31.54089268957925,46.826696530753644,0.2553638224878381,0.6290806121690081,0.0637858090494421,0.14670815045269991,0.24558138588846207,6,0.46845856704798683
ID_C00052,15.417207545909688,53.68940123828258,0.6276650863973723,0.6758228823322695,0.11258872086679618,0.12095573806389573,0.25294389520375204,2,0.11210891133833828
ID_C00053,27.49920978822986,32.24525585233709,0.543222586507398,0.02,0.08853736899583325,0.007838296219147452,0.17868852668180238,3,0.2808978154343927
ID_C00054,37.58232821779579,30.06158386309299,0.5197637176308394,0.4162665970385484,0.06540151750624404,0.06391333606878158,0.294820900040433,4,0.17612847953065958
ID_C00055,22.641464459027326,31.536435643444456,0.4492762533507703,0.4334295128497715,0.05204568234208647,0.030861618064257176,0.3250092282009982,1,0.2808422031093579
ID_C00056,17.505617032699377,49.81173617577201,0.4037675362103931,0.10518727405849523,0.047280789760623804,0.05655089530185953,0.1750152606756123,4,0.2696979198836442
ID_C00057,39.74790279097804,17.161932485947887,0.7316056117746899,0.37062210798478706,0.007114679142925635,0.06785991206576647,0.3798648265373997,2,0.32825380419719163
ID_C00058,35.14994050066763,21.464455542821227,0.39411412274395263,0.5821298850813109,0.005,0.0179732698288542,0.25881966967695813,3,0.08700455284294462
ID_C00059,23.95377459497354,27.780449184589617,0.29240963615591603,0.48724124635630806,0.024535388675910576,0.1435282902701133,0.31814632411684685,1,0.097728321913823
ID_C00060,42.25235599586877,29.753276759433493,0.5876528143337421,0.40762655646009405,0.13785288590172254,0.10983502739231568,0.21586826748697394,2,0.22632278383285234
ID_C00061,74.78184091024012,54.49594532895695,0.25225006246982956,0.2768913447678601,0.02521336263485546,0.06177840733499824,0.22332738264176377,3,0.3604663602884611
ID_C00062,61.50853894100082,124.7602219574096,0.39947182555945276,0.20631619593798148,0.03758064095216225,0.04284442625398327,0.2705038079488872,1,0.36954733709717724
ID_C00063,21.627147175604044,16.50123346776234,0.6537158029881409,0.6052684981945892,0.1268784132974824,0.04156687094828735,0.29289983927962393,4,0.31972688435727625
ID_C00064,19.189822704921845,83.76451417704551,0.31718345665653075,0.41678876111195196,0.005850372088719712,0.0646814791700698,0.23597001318956146,2,0.445502260419792
ID_C00065,17.85717122871348,17.788692485609214,0.6259815607874577,0.15975769052074873,0.03630636245344471,0.047960305757871975,0.19471738919922416,1,0.357848020263063
ID_C00066,14.990553173019393,10.754235155411449,0.5453723970818831,0.427236975527424,0.09144500703854064,0.01707924472354396,0.3417903948157168,1,0.5859122739220888
ID_C00067,40.54506497935932,52.548878014414115,0.6419120546878567,0.4816775867200791,0.14500340804992615,0.08129312521412987,0.2539338540681358,4,0.39489620654147867
ID_C00068,59.13240698060885,37.454478634176944,0.7276747140939055,0.43140772238697994,0.040169539999483944,0.11380134132849724,0.16741113546904768,1,0.2061100399246265
ID_C00069,15.536987275892034,30.606338010060565,0.47755892120588117,0.629889534548117,0.09451863566641056,0.12387348372023245,0.22845931398644234,2,0.18288494206621142
ID_C00070,25.448246787504402,56.26552896539587,0.44706288858904875,0.46474846907094747,0.04945412832818813,0.10754159120223918,0.228246094297968,1,0.27471719827642116
ID_C00071,22.86909047860396,24.077343886088364,0.4656635100732248,0.5149047617782022,0.009108788734106824,0.08759552657691669,0.33640094286746514,2,0.3892536269725679
ID_C00072,30.017614556770592,33.590126675037396,0.7151923087945753,0.28598390808737695,0.005218564989178956,0.06119534291806776,0.3029137165467723,1,0.2774794810885857
ID_C00073,24.24942140757569,42.61162434819917,0.3441609874056759,0.33070082819444707,0.005,0.005,0.27008726988257536,2,0.07681975121452456
ID_C00074,36.23444728569625,65.3003750861152,0.559559543213487,0.6016297572101451,0.035131332136572206,0.06767173446037843,0.28057256458353275,5,0.18949795226290467
ID_C00075,33.72139789962031,32.28899269355196,0.5503669594313212,0.7749665267043777,0.0754148457144511,0.1985003559076084,0.41184531416861053,1,0.08596666443429798
ID_C00076,36.039495654109636,36.0240116440898,0.6125916604254344,0.7181816619300825,0.11915981363542814,0.1239805150073903,0.2927606708427938,2,0.3243356732277335
ID_C00077,13.640145150518325,41.023479900645235,0.5036463507910216,0.26973478831655356,0.04795211552733613,0.08800676090357978,0.36987805833223203,2,0.3298544771761299
ID_C00078,35.54581379234312,41.49184474894873,0.5608960149303783,0.3848948122393071,0.020156069733899468,0.01874211152692134,0.30556109072737675,3,0.4194841663079908
ID_C00079,50.70762887085728,67.82950158471394,0.37683225328091424,0.3154954672030849,0.07665204690567756,0.05861512261875894,0.29896400171825815,3,0.15069529453669567
ID_C00080,19.675124938634543,43.63117562194009,0.2562349389706066,0.1922105891922344,0.06011539259879596,0.03740105646473474,0.18859669581373129,2,0.3292925266774022
ID_C00081,22.00684808586962,22.188551575236875,0.33922088091091546,0.39377769399164625,0.005,0.005,0.18690774233787444,2,0.2858866973489855
ID_C00082,53.533868068149296,15.448759618508085,0.6414800650130424,0.5561438201803574,0.005,0.04050483720525262,0.24235540413856899,2,0.6712982340421405
ID_C00083,85.605353851924,56.8270008514856,0.7396123168536398,0.2535576476984625,0.12014764106804325,0.04766753375866271,0.25655289130230724,1,0.8314624415241042
ID_C00084,60.61924645785237,48.98339964300975,0.5508873779338542,0.5138167462915659,0.030409992683951635,0.1527150339973028,0.2515542793885576,2,0.6903899751926521
ID_C00085,40.612915248562324,20.736091166403657,0.7274491959279038,0.65179805801697,0.005,0.12853971890353294,0.2841990501657227,2,0.13893898003549116
ID_C00086,17.34495977806498,27.699058058760656,0.3797199199272671,0.5778864284647239,0.009684282015058214,0.1081070669364057,0.283150118416735,2,0.2985216848484826
ID_C00087,16.66037585271078,28.784278026693137,0.6883553986323097,0.2725559839510181,0.08790598439393199,0.022222377477061045,0.24140142035496026,1,0.33467000006024483
ID_C00088,30.92187480943939,29.453486382375694,0.29848894435273965,0.22960071373896246,0.08667853108815954,0.036056777812619636,0.2595805686372637,1,0.26259044030130635
ID_C00089,50.53251170032622,34.33810146354032,0.6175647137598167,0.5978875538520462,0.005,0.09974229263300005,0.2851276591863134,2,0.22533510656463385
ID_C00090,92.55164837036801,59.395275739723644,0.30019782282490465,0.4069919580994826,0.006950191987249277,0.031206103804662495,0.26985166500077457,2,0.568488617405568
ID_C00091,52.48228986576358,79.93255306553687,0.5154251971439072,0.68634287120857,0.005,0.12205233628428844,0.2366497371838287,5,0.34965507806282564
ID_C00092,32.267282656168426,46.383686110039854,0.312831926434268,0.444832406597316,0.09661230142188708,0.09118484994008325,0.29548100409545835,2,0.2894547909101255
ID_C00093,25.014935603099183,42.41851057054767,0.7084242038145978,0.4886393959567953,0.06963066835975276,0.08000765645648304,0.31446795784785553,2,0.01
ID_C00094,22.86808524947958,8.133431647810154,0.48437964850697623,0.5951768600940984,0.06910117349067181,0.060939280496501734,0.2443948979060531,3,0.29976961761883847
ID_C00095,51.90811579669171,124.10612288323016,0.7118916580465902,0.4497656019309199,0.0456109019322284,0.08910973159524772,0.18176291738992173,2,0.560922930862492
ID_C00096,35.42657403422915,40.187025312612896,0.5661414065151051,0.42231220184061663,0.14467256798759118,0.025007194283265467,0.22792061836893643,2,0.3299789488883751
ID_C00097,40.88169916664646,54.1636712830839,0.42135682137747793,0.42294817154636066,0.07942332369713495,0.09935966129265657,0.3115990741880698,3,0.572517487736658
ID_C00098,22.487484478613233,20.609657185920952,0.40124014056896407,0.797927451067423,0.12177480218401436,0.21287019678764763,0.37451329091849084,5,0.29288608247688813
ID_C00099,27.115286158729937,38.12511546205761,0.4700250541167762,0.6502993291199956,0.06360839907473352,0.14675198105505474,0.26125792685511956,2,0.3518224295706226
ID_C00100,36.44663479315062,32.73947566223498,0.6803152006980651,0.04549562904136975,0.07915819357286712,0.05130433296643834,0.20630747472268815,1,0.37436423585789746
ID_C00101,24.779057227517377,45.39030801319479,0.351261203962093,0.21161346680022383,0.005,0.04088904369338847,0.1109894967755263,1,0.29944404333307856
ID_C00102,50.46521856312559,72.36452888868165,0.44983806758181843,0.34996389226031005,0.06940644450182952,0.036802059066892163,0.27993036742783256,2,0.3966814367091001
ID_C00103,57.04001099198465,44.36587279040533,0.5222742010206698,0.46985663453715054,0.0540770354949063,0.07094191354930869,0.2070396990712215,6,0.74341561740707
ID_C00104,13.585213707966325,72.07341704752972,0.5724095971796452,0.1911171918015963,0.12473391653552818,0.06111817045488083,0.2123157447818991,1,0.2452234626930333
ID_C00105,29.725770816099555,27.047679428966365,0.25375351639999993,0.14280374477097807,0.0682009488139008,0.08612814892316334,0.2761321910089573,2,0.272484881573723
ID_C00106,20.042801675003737,31.234126498491342,0.3269817912888132,0.6319013197741397,0.16236843444918014,0.03533537287322749,0.35176500783227205,1,0.28185028239043486
ID_C00107,40.72149637963873,46.12841249439247,0.6924245297531804,0.45916668371733305,0.005,0.01140936993694796,0.31266224416406135,2,0.30102067520677844
ID_C00108,46.22747646608864,48.36653103505971,0.7460210027640275,0.522629295564895,0.1831674201192653,0.10236391638307132,0.32868317556720456,1,0.6356119179685417
ID_C00109,43.39233330221391,57.16840059582865,0.5861322156117224,0.4402662325452957,0.07802892627438343,0.056104650721836145,0.24027002724374727,2,0.6784877947623035
ID_C00110,18.185894011568273,22.075061335222884,0.6965155097681515,0.2602031297240574,0.05315954865360039,0.07834201196891755,0.26193647874982773,2,0.35403807336525756
ID_C00111,35.03810046252564,33.33930910680172,0.637311940646115,0.38158242534847786,0.03919379482651615,0.0942835310566921,0.27507769988460606,1,0.04830588508678302
ID_C00112,25.594448904299554,40.505311756248894,0.6595999396469902,0.6881707593377797,0.043402488984151257,0.16221110623295631,0.2830852317025184,4,0.021646712789853806
ID_C00113,9.926334371231993,28.164990331528653,0.625745405285698,0.6190104424764012,0.06892348792109901,0.08039385217798574,0.33095218466208814,4,0.23262203678605395
ID_C00114,25.532908950532697,36.58335335297217,0.6875420995270412,0.5472953572189575,0.005,0.014557895746010761,0.2206464786812815,2,0.11912092226723431
ID_C00115,24.79253872845602,31.891063145459444,0.6642734624193929,0.7301741947747147,0.03353002329261403,0.12091041774233004,0.22253980014058533,2,0.18025776201071692
ID_C00116,21.356257056002537,21.089960350960897,0.5306115339450221,0.26486270953028307,0.1346483839113575,0.060436798968550365,0.15397555079214814,3,0.2987233588058168
ID_C00117,13.589627646140547,35.24770329139132,0.5731453816142795,0.31129653804745994,0.11436048410222326,0.08829447226502632,0.27037553854932794,2,0.5320552182225824
ID_C00118,69.51327015061743,27.53512706679771,0.5897635046044789,0.6484918786733851,0.007668757966494515,0.01693647166770803,0.2556902934650477,1,0.2877123952066684
ID_C00119,27.872785825253093,34.36290038006476,0.4303793432591268,0.31204903713410576,0.14126531509104245,0.05743777677963888,0.32433795272023697,1,0.2776851987376741
ID_C00120,27.265009260061632,15.579861577924282,0.3037014781442886,0.31893813200196053,0.005,0.02011602564254743,0.34624778396908157,3,0.3939070590858191
ID_C00121,13.132076295831283,36.99481483907182,0.4119683344688181,0.34233527077663073,0.07238161482464665,0.06415469396437083,0.27252236894349585,3,0.02582153574056162
ID_C00122,36.075898152489685,51.28849393664713,0.5423763514024683,0.4026585341326099,0.07282148144553942,0.06545476786663253,0.35759400600612445,3,0.43628281945331426
ID_C00123,50.453571938457664,46.24055099110626,0.7133846957444967,0.4692303140225067,0.11313741959134607,0.09101541911735977,0.32836496179213864,3,0.21295301735904293
ID_C00124,28.089010261381972,61.341730587158544,0.43929639377986546,0.5739648041931011,0.03071070085188316,0.07498340831186223,0.2848706706478891,1,0.4463410811204064
ID_C00125,34.39813914679788,42.96831304225228,0.6633949409618722,0.7162081534581752,0.07600996022313457,0.14483886737263918,0.35684828269588226,5,0.22803006610573623
ID_C00126,61.705475425397715,52.04671860320089,0.26326621860303717,0.5193618571856378,0.033175383608183534,0.005,0.3197919327609887,1,0.3300535560312913
ID_C00127,11.31504347965892,29.72248699853265,0.4365302937790265,0.4824199619795863,0.05678826180571249,0.07902365224737655,0.2802713574065303,2,0.4014579730178225
ID_C00128,11.522083623915579,26.86384430292626,0.3438046463825168,0.4534648805191237,0.052139265072876015,0.037889946125288135,0.31071352191785323,4,0.4479482320923236
ID_C00129,13.237451713750502,39.15989455129237,0.3091995415893344,0.6304570301584838,0.022995441914261547,0.1400988505183903,0.30827302095845466,2,0.3451253243547133
ID_C00130,20.813017739316592,72.4450189671997,0.33169585007472724,0.19392458359122544,0.04911008820603157,0.01092789136650376,0.29143850144644695,2,0.10933229229855299
ID_C00131,33.515727573775,60.550277377945854,0.422070539031674,0.44252339861822865,0.0850617441632608,0.13675238585493216,0.3005985791063377,2,0.3789465612519815
ID_C00132,56.81517115628374,36.721324335287555,0.46451306067870635,0.19277963982471327,0.0675596411755558,0.0368321152013448,0.16838014902225762,2,0.2121257542317509
ID_C00133,27.55841350483333,33.50484317819569,0.27255737285463927,0.3062272871914493,0.06832470927073239,0.05881568009792931,0.37564774038658766,1,0.25485454754598424
ID_C00134,29.30802042890853,38.188197443792745,0.44861665073641205,0.36221934672417283,0.08665245764298268,0.046669772419775414,0.3231000025206067,1,0.34523373428344467
ID_C00135,30.332408282427618,110.59110895210917,0.6836515202505906,0.34595905257500736,0.005,0.07072802677665133,0.27024275438178547,2,0.4937441386839915
ID_C00136,30.371424132759078,26.836968849340973,0.6994607881602568,0.7973611392253096,0.0990413563964272,0.10832362615543141,0.3641280722581159,2,0.31130196698787743
ID_C00137,34.059454992161875,25.900241947850272,0.6399349219361559,0.05841765227035621,0.02312351905281293,0.08693484085425088,0.19287210899440876,1,0.07545382607268156
ID_C00138,67.16546541897111,57.266938535708064,0.5078778381440257,0.4575546509999895,0.005,0.07956326854381643,0.26380076122517854,1,0.24100132620414186
ID_C00139,17.954027488723717,52.812489102031215,0.7062243981478209,0.315174814140304,0.04964821242057715,0.06282999527692953,0.1990575628037481,4,0.19774094328412872
ID_C00140,76.37029603236078,67.01112182134538,0.7228468259122367,0.6528022187025877,0.04131095367125295,0.1247647793240098,0.2995265298159759,3,0.39893124748619757
ID_C00141,48.31542281976545,58.47073081886686,0.3344365208063574,0.3729071869842192,0.012840433314776821,0.028295164233980506,0.19822683757710713,2,0.24720147545643495
ID_C00142,12.439556965469853,27.32318206893223,0.4889732903699155,0.4335373999936869,0.13442366710627365,0.015232864250618594,0.3519352741179616,2,0.5790935750258022
ID_C00143,37.4047046228674,35.38376876748631,0.4877805866164674,0.11744549884804681,0.07039592993906144,0.047369396643728225,0.20023779274982642,2,0.5759506911644783
ID_C00144,36.12943686931471,91.90816274575296,0.5812647971831,0.5962960573249447,0.021015557939291024,0.028656019435314706,0.3029852977507494,3,0.13676899604528076
ID_C00145,12.136707437070207,17.258404052952848,0.31557758459235496,0.5125043921708026,0.04946336852300765,0.005,0.27046197698327257,1,0.5515198500270527
ID_C00146,21.017381628517622,38.48972985638065,0.34883349112731976,0.5949978341346549,0.142532522940657,0.09286461092559695,0.29649717693286326,2,0.40536702946898395
ID_C00147,21.64548755230928,51.31636355030269,0.38671485106333625,0.48837069118078924,0.049092588986974134,0.07443649618336116,0.22641493365691281,1,0.1675213637554006
ID_C00148,39.18629913818917,28.4067925853395,0.6575365481093771,0.381852093207118,0.02734820337675975,0.034384914794620525,0.34625733644374196,1,0.27459194369467266
ID_C00149,41.67493487148441,19.371163657088566,0.6258903546153908,0.5997514177804764,0.05529386025610691,0.05169782922923339,0.30740641898210985,1,0.06030399685321683
ID_C00150,13.874623945543899,27.19389069581754,0.7150016736773587,0.7812025262219915,0.037393024404591045,0.13163673160717204,0.31659930415780013,6,0.27955338919726663
ID_C00151,10.421798995475658,51.2026908490945,0.45368119393148615,0.2809391570156945,0.08925918997232463,0.020879297588474,0.32043776930925694,1,0.38990675126410257
ID_C00152,11.080209405005983,24.124844137475268,0.686456008193542,0.123910017699915,0.08359690420531192,0.055923884717981154,0.2747520921999914,3,0.2036111889657954
ID_C00153,42.44737895378194,52.713212321615785,0.34759276490932783,0.47756574805917995,0.02673114603191014,0.12086326014714438,0.21120432056992244,2,0.3925839911714303
ID_C00154,46.45762098340064,42.45048366860759,0.7066425918509879,0.4139924312039114,0.017336995701777005,0.021329197945813977,0.2329889395537142,1,0.16038314402492745
ID_C00155,37.04261131512701,60.25278282577515,0.46625779662118305,0.5525128711216034,0.11120256818934657,0.13853771713842009,0.27935306159482065,2,0.5035308290701968
ID_C00156,50.17020795027369,18.55960679191366,0.2693221549134423,0.5189622005287644,0.043878964951751476,0.06375506240066102,0.2448465459551099,2,0.01867880298973512
ID_C00157,48.682328118201355,30.34599410005519,0.4550243934574971,0.4113557746729807,0.005,0.08565405749763459,0.2435211402932177,3,0.3286320949114132
ID_C00158,60.7986103858823,29.359758614993932,0.6272865691090673,0.3632689820519589,0.10058159237352146,0.01445590876638568,0.26438222791720656,2,0.3234315637775727
ID_C00159,32.432416075314926,38.59574817462286,0.3830154363108326,0.47476258750155165,0.048296855158222234,0.051964967652875935,0.24609642357532507,2,0.08676160328087099
ID_C00160,24.641865273247817,29.512190600089937,0.3309707851248156,0.25465574733278606,0.08047419096169854,0.0793876644127195,0.22962105588840906,3,0.3450074582270808
ID_C00161,29.165235883367565,21.485918424440303,0.5594581905867629,0.5645938294144774,0.04931848442650148,0.13707671470024974,0.33422575804649834,4,0.12346617187381315
ID_C00162,26.235395893112788,15.229530112928284,0.30892195045291554,0.02,0.12213831650469896,0.04702077906680199,0.2784769073646942,2,0.23920767648345564
ID_C00163,28.10312350602537,37.17796211004428,0.5889859262725223,0.3763553580035487,0.05731291637658212,0.09971185502128851,0.2120092146152267,4,0.287680549075124
ID_C00164,46.91214138956054,40.26294958676904,0.29690391200386246,0.6723967428373447,0.12007997425660348,0.18704889668485392,0.3450659782007585,4,0.2727096704827339
ID_C00165,19.887278377337925,66.82486453823904,0.579240384196646,0.3273984902299023,0.10877598212647743,0.012483264930454027,0.2287294936111048,2,0.2232595930935029
ID_C00166,22.520962421541533,24.18834487754005,0.2654464185180161,0.5358604497856199,0.15492226400370973,0.07662971654453604,0.22137358749987796,4,0.34922544188154614
ID_C00167,18.69065367905165,103.41211009509381,0.3653731526336085,0.2703633178709801,0.005,0.037664966490433036,0.22707097366702722,3,0.24558740419576885
ID_C00168,38.331837276782196,67.804676467897,0.6940293475074348,0.19190398114685167,0.005,0.06602476798487433,0.27434157951355514,4,0.372754938733045
ID_C00169,21.909366019631058,68.41476091517285,0.31005531505069217,0.3337298591644736,0.1269178477626631,0.11818386904106055,0.284880199624772,4,0.2890954884448844
ID_C00170,21.763866038752056,36.71294472716747,0.6063748468806498,0.09834892578391671,0.08658496215947387,0.015791642561222063,0.2105222244230361,2,0.2533640182719818
ID_C00171,30.18845421854579,36.73869808794163,0.4151006477988657,0.4671228011613699,0.01901392574951748,0.07557509071556165,0.3156909510053561,1,0.40714269795875463
ID_C00172,26.689481592975117,35.13099779245045,0.3975096043561977,0.3434361251644961,0.09396766222191252,0.06571990734025758,0.36549719770060357,3,0.358855962002788
ID_C00173,26.660577782499523,34.97485888023453,0.28703527636935317,0.4448112727101587,0.04422862485918981,0.05958203954033982,0.32210634795688164,3,0.2626813320090869
ID_C00174,18.784985281861438,41.16903972502273,0.48627799166842856,0.32060917581276394,0.09478002723211665,0.057422896768402815,0.1526598725610217,2,0.47548263161680326
ID_C00175,46.458814834257716,46.75111497418176,0.49079579460302175,0.5516584021340969,0.07751044526399489,0.1603220922930789,0.33545849057460664,2,0.4218618259779515
ID_C00176,11.19329373831781,34.88951154835385,0.46597283050024096,0.6199235415153266,0.005,0.12185754724815678,0.26363472848724884,2,0.24683854161102392
ID_C00177,34.51696225121701,53.71242387102292,0.5707806629821761,0.35903510716319986,0.05369416153017833,0.005,0.30385175636132294,3,0.06566213639421023
ID_C00178,11.025387839583418,44.62976406868825,0.3752165433659441,0.16701769431919322,0.03151491699310218,0.06660884185599829,0.266631942149556,2,0.047077273486271665
ID_C00179,45.81358827308256,73.35817543544911,0.5142708644712264,0.062035757263249336,0.07695177574671032,0.07151324269903614,0.35794081238995434,4,0.16592068775384702
ID_C00180,40.46606660271064,56.72001480803495,0.5027514096785335,0.42195849271799446,0.0396517639325708,0.08695697339290148,0.23496539081436618,1,0.30131826162330305
ID_C00181,29.92446469470492,21.975543723271265,0.47314116929022076,0.02,0.051307809010130837,0.022042354569836404,0.20077249449910417,1,0.22301487350605842
ID_C00182,23.85493612475486,35.48621428327883,0.2824733896049718,0.19751280673480087,0.022322652153015602,0.04578370616498869,0.2721871698860247,1,0.13236455306986422
ID_C00183,44.02749754380685,29.160592935418748,0.28589857118002293,0.6024098839841026,0.061595419036736036,0.053930821085904836,0.269548387198629,3,0.4046321239823341
ID_C00184,36.9671691893356,50.80070202604883,0.5497134042899676,0.44355272538738283,0.005,0.10824571972538824,0.34044572710413856,2,0.536982560586744
ID_C00185,36.189885576662256,33.31992151549313,0.2592189014375969,0.04921069491953295,0.06066944671906566,0.023411006764132065,0.22998175089557574,3,0.20601841659417988
ID_C00186,23.509983435889175,18.996471905698858,0.27127590882338826,0.4418406065718395,0.005,0.0613254689078043,0.25750148090676755,3,0.37235243325062667
ID_C00187,33.44288103856935,57.64505674987852,0.725964395040454,0.5532370100727031,0.12589289321945882,0.07825408728753183,0.30177291679787094,3,0.01
ID_C00188,68.25628283365035,19.208141848445646,0.4586268049293431,0.6525348034257755,0.037308530989902375,0.09334535043826145,0.19531314691416646,4,0.30691256034690795
ID_C00189,14.676997651110147,19.971527719374524,0.4344942766501725,0.47324278097628386,0.05123355464495813,0.03991019703701665,0.25684071688278615,2,0.4925074925622016
ID_C00190,34.59450666870579,28.27247530270807,0.37084979899056547,0.5698381159231549,0.005,0.0923706714932594,0.21860422246540787,2,0.08365725642985408
ID_C00191,16.907987603568557,27.805623896508894,0.28562223868329556,0.3500963101590154,0.052256462686782836,0.056134275224883304,0.13118008518288526,4,0.15567640969187638
ID_C00192,18.092620102810727,27.686014818482708,0.6925464941134003,0.4859509928144574,0.03916425491716251,0.08409674770555035,0.24328061213043498,1,0.32860660498049105
ID_C00193,33.93114013008396,37.882117099162656,0.45717688599718065,0.5264165756185819,0.03773210848696251,0.13261725074720315,0.3648293341485426,3,0.32607277898743486
ID_C00194,38.180367473721965,48.63516670061251,0.44703598708423364,0.19395505311969244,0.05124188801954217,0.043698429614916094,0.18070116960343224,1,0.32380573927517275
ID_C00195,26.75769478533635,32.59470205437629,0.30014369924762513,0.6890725026088896,0.07181293047868242,0.13579151110591295,0.32825852463643335,4,0.23630138062444234
ID_C00196,75.96718547770254,37.557838239653655,0.4724688805135031,0.5934009823450107,0.06007417661180021,0.05488021130974181,0.33613391272818693,1,0.16668826857411354
ID_C00197,27.287976881716492,38.531173320422766,0.48989925137757667,0.42771828402577244,0.07635189473464771,0.04974509710937385,0.37951094028108895,1,0.29663003098751617
ID_C00198,17.46043410183817,50.48214098316128,0.715052759625062,0.2514680139889711,0.018400545845295886,0.053248246354151846,0.2165100607118931,3,0.01
ID_C00199,48.35434938968145,53.686095931837514,0.7382635332075729,0.5006531790846125,0.14637936857007583,0.08007715396905521,0.2556874076743072,1,0.39449331404105037
ID_C00200,49.60751186048918,30.240537902303746,0.38173771409465884,0.4922639722787853,0.0764014996716134,0.13791112191838525,0.241828034134467,1,0.18067978698058568
ID_C00201,27.72119690138718,48.81553624275228,0.7000456390718413,0.137704295089287,0.08067469173316244,0.019382380558736492,0.277947479118845,1,0.343974137588586
ID_C00202,26.980929478599762,32.842898651062015,0.5532660502039723,0.08972806369697775,0.006284190356050025,0.013824885589624608,0.3061179970997825,1,0.345562509673678
ID_C00203,31.412007795143143,41.99346692556279,0.5565547094970698,0.3967662881304785,0.07122775752098931,0.04509989255387461,0.2628923554633977,1,0.06267011251594462
ID_C00204,31.938155624591833,46.02851826008111,0.34647086824674106,0.5465525134965368,0.05215010251962009,0.03609979984851552,0.23424376702602495,1,0.3464470475274892
ID_C00205,16.694671624811324,26.635769887788022,0.745404882775561,0.7277072958990899,0.11618856851944262,0.1683005921668927,0.3485327757832748,6,0.39416264593580236
ID_C00206,47.4718085728344,32.61759405343493,0.29717075131982773,0.7043492856014554,0.13026634922849045,0.04713785261259695,0.24430902513906447,1,0.2664387802640528
ID_C00207,29.25722538047364,78.8080566899348,0.6784301959582852,0.47018466422451666,0.05845545900193071,0.13976137330134705,0.3048171517170366,2,0.3587260726726091
ID_C00208,41.09716943804776,66.65076944973904,0.38517048526381953,0.3715098135819036,0.08090159230331043,0.06387864204862079,0.25221085014500916,2,0.4466378658125107
ID_C00209,37.44831121013586,108.77403016857032,0.5328951096870453,0.592228901912536,0.09273848268977193,0.13245004785248457,0.3968922559586083,4,0.32987206924759893
ID_C00210,47.066169970334,51.12637062935559,0.542081074591648,0.39050346894073285,0.03671325880643979,0.11759962768198468,0.29971188247210157,2,0.18687841025623914
ID_C00211,62.45596599285502,56.18424349533264,0.5061214855533136,0.24364913255617313,0.0792596963176374,0.0288313976778995,0.19622138569284922,2,0.48990387757171683
ID_C00212,33.897920983528415,85.23236279568532,0.4713280075801291,0.19784613552136165,0.012241859011119911,0.08252895871630078,0.28167107705136746,2,0.7875179097886467
ID_C00213,9.896118618495645,22.328117291017826,0.40735872373268167,0.46491803776173074,0.006896670095851501,0.12250867339861586,0.23916981423552974,3,0.3609274141965903
ID_C00214,27.169495420274384,34.450237083122246,0.4195079287866302,0.2734431116482098,0.005,0.024940606355844566,0.13297485054860922,2,0.24378891625206506
ID_C00215,36.38642979257794,37.367096007758136,0.39843424275370715,0.3068926512057897,0.08003420434675951,0.05092013747742387,0.3086503569826113,1,0.2783631572580559
ID_C00216,35.17280822591381,41.28927675268653,0.42269169658474604,0.346046481807886,0.04292563225708816,0.0522700005902512,0.3102395791275284,4,0.3733013899693025
ID_C00217,30.065487218014134,61.73307695612372,0.7433559562240999,0.6791686465658674,0.1911328362687929,0.10833959653351403,0.2806949104666256,6,0.310319217689715
ID_C00218,26.50763545571214,28.98559989834403,0.26821509784144165,0.5650921526806496,0.07317127885283732,0.14464659416044062,0.2938644765605424,2,0.14557110713563506
ID_C00219,38.28402700536407,27.64617942584397,0.2967914726691864,0.1460901078783447,0.04639230346490447,0.02743733733891771,0.204751339064345,4,0.3590756294325644
ID_C00220,28.167435586809233,23.89802174460867,0.27158761252844227,0.3945295563150729,0.09662688359535276,0.02408545062825858,0.27577400592442636,2,0.42405434015266796
ID_C00221,23.13832563749034,51.39087806469616,0.46557547857055753,0.5084586391463846,0.07203697523574162,0.030567737706750468,0.24076103764220047,2,0.35731328757081243
ID_C00222,59.31965991852414,82.91101833501182,0.6320380267106452,0.315366298887952,0.03178075004580731,0.060409203703473885,0.19547763737247612,2,0.4652240371555011
ID_C00223,11.977442729779778,26.988939790350834,0.34905887070604535,0.1953462206971622,0.005,0.08088118470775682,0.2806677795771837,2,0.35502709634546026
ID_C00224,24.980504235405984,52.87204656514086,0.43478580317837884,0.2471006335959188,0.056786427286178595,0.061166537881972585,0.27707403840516087,2,0.4397933334225753
ID_C00225,48.42701897908931,125.92285588402325,0.6677650990555458,0.4992599423599575,0.037755238061601845,0.07774444624903061,0.23549896251181987,2,0.3443229671639885
ID_C00226,18.5119192319486,86.75013087970326,0.5003304203306349,0.27910290551841355,0.060456816509198735,0.07066018274733145,0.23396207769667812,3,0.3439599520380052
ID_C00227,22.600587793989725,29.39629812902522,0.43329053174952525,0.6229603057904558,0.06677859571412993,0.21144447377173606,0.437012664047214,2,0.3620043382378159
ID_C00228,16.095376727528997,81.01524786041237,0.3168932127969277,0.4999674019871989,0.013915554472757954,0.011187313167498644,0.2930377192070584,1,0.2410151008611401
ID_C00229,36.052618983966184,136.13361226548574,0.2724401612381383,0.504949860586332,0.08375747566213423,0.08698655359630483,0.2704964163549628,1,0.47736966403927883
ID_C00230,59.78590843385188,44.10032322758372,0.3788087114192479,0.48082302569976876,0.11008117007372523,0.1487364253851641,0.28257703103219795,5,0.46800973564140286
ID_C00231,22.401521109941175,56.77260419482824,0.7159721846149982,0.7069998484998947,0.08007905626824488,0.08119337412625577,0.304016714794069,2,0.4343276594398056
ID_C00232,30.557870431807345,31.607127131820217,0.7157309646544446,0.289933873576564,0.040462545960787896,0.047130551274951936,0.3596456044561404,3,0.2161173776275288
ID_C00233,22.330720066117344,38.63650572768784,0.6640989262446679,0.2290340581784704,0.005,0.037074644376141,0.25420189565586904,4,0.2946005750828392
ID_C00234,9.061872699611671,39.788792626692604,0.35120263975188115,0.28087992768481657,0.014501447010313612,0.02100401785582587,0.27790449914601545,2,0.37064439338581806
ID_C00235,17.10905731953845,51.80177474464411,0.5707736016704283,0.08024427934036919,0.015362404646708565,0.008812592523814035,0.29453665889334113,3,0.19187591648940575
ID_C00236,38.18831621636578,20.24216913455742,0.6170082798943615,0.36099696431057,0.17427052629855852,0.031375426531858965,0.18839570885955445,3,0.26631199189791455
ID_C00237,30.964254422909733,25.201546114755708,0.32150370066319256,0.5133789272564012,0.13427538933112587,0.07557878817129218,0.29915816381332866,1,0.11733608697702858
ID_C00238,28.6566534481972,23.289947938725494,0.44167139670525396,0.22573809525997257,0.01167953597195083,0.025422451808543124,0.29382071821268774,1,0.2844316556173796
ID_C00239,35.86951129258049,56.55039097247817,0.5261265601720049,0.7239692508412923,0.08277372388238988,0.19509065746876025,0.26119479047202093,4,0.2516204787683941
ID_C00240,42.29817136033827,32.31814358681434,0.5162076598564347,0.6589592767368435,0.08983754739289032,0.11488503459551148,0.18788077689846644,1,0.14887043199526398
ID_C00241,13.893675713901494,37.601169388340715,0.36334932595735536,0.1797245040178796,0.019036564600718012,0.03898730347880017,0.28612521657615614,2,0.2446768463302994
ID_C00242,18.904708604306904,45.60320695895582,0.7012449837114594,0.15923824938993997,0.05145923022456926,0.005,0.23058568920852984,2,0.5179832395368127
ID_C00243,25.710889159962427,49.08918058780435,0.4386409195306816,0.48997023325565914,0.0454271132798101,0.09267762575023679,0.322397937173185,1,0.2997299706595011
ID_C00244,46.558458113203876,33.986239131492724,0.4098327838135435,0.323800847617301,0.0936263974435253,0.10526602193483099,0.27389580560143045,2,0.44782501611471637
ID_C00245,42.47539371917579,49.71108414386079,0.4818598639982964,0.29844534392484223,0.16870900749804546,0.07298559191617464,0.356085022636848,2,0.26314475122970576
ID_C00246,17.82373808836462,79.16913476357125,0.5774979621007321,0.3304880565862379,0.05494960057645561,0.035337108727000896,0.22054914462912006,3,0.2741706652108614
ID_C00247,65.31037390222424,41.311617054659415,0.6680998754788876,0.5393048885422543,0.07729570039251171,0.04824967852967999,0.26142911319589657,1,0.2349619919728569
ID_C00248,26.90363766041165,37.265780621168304,0.6338305163493707,0.41455148053355956,0.043001278531432874,0.07614100300523165,0.2567328583949083,1,0.37373281474709696
ID_C00249,43.65341330274003,54.530433070094354,0.4556015885244462,0.5179459621662452,0.151499308175421,0.08886104683113648,0.25564432195924114,1,0.5424767638530998
ID_C00250,19.069809551934778,54.95846573467273,0.4256114637306492,0.48917666616770267,0.0326549005938325,0.005,0.29945187952168817,1,0.048095238892650716
ID_C00251,60.371148775539446,115.3983136741074,0.6615338082842075,0.43589564406514714,0.05184232554308462,0.08320391552239492,0.3341191792670049,3,0.5027419373149714
ID_C00252,18.578075007025358,54.29362157331038,0.3706571689887644,0.3139936165800791,0.10893652325767025,0.05457286825321763,0.27633908380080896,2,0.18434697753187335
ID_C00253,31.15388225862845,60.59940039994793,0.349191481640764,0.4967998804553865,0.046521600975759164,0.09849521436226076,0.3030109319717532,1,0.30992618422358265
ID_C00254,29.486379835915262,33.95250097002427,0.582289854763657,0.31667374084627536,0.13634636042819337,0.10174562308012416,0.33564987126725493,2,0.44854604255024766
ID_C00255,19.901272000256924,13.952873709464189,0.3029711784954808,0.34562171956472765,0.10645267943506849,0.0878041080349075,0.3102353343010265,1,0.19230084349744053
ID_C00256,24.725909927371443,41.59845892924971,0.28505721602209194,0.266912274738651,0.005,0.07059302317609481,0.24985108437164982,2,0.4185224822777621
ID_C00257,21.941808911072354,58.03409003821135,0.6589176549790403,0.41573761202324966,0.09261775903280797,0.032922704960370634,0.2968678775948901,1,0.2337570325186108
ID_C00258,33.150290028773405,77.31530422428006,0.3693926646793416,0.46832068207297445,0.048302647596835675,0.13225392069168934,0.23068799447417015,5,0.6448910033973441
ID_C00259,31.190849672212984,41.30903463034355,0.6853666866589319,0.5914811551072989,0.07354560606949612,0.12780233781576963,0.231530071113069,4,0.23836364871421079
ID_C00260,22.14593800621532,91.14200189941481,0.37362828665338516,0.060218550010022326,0.10146360525148934,0.02932977236517316,0.27896468179468836,2,0.18593565513771093
ID_C00261,32.8637106989591,53.87080179091224,0.4276407697763885,0.5799915970354111,0.03610468665605873,0.09427961414434305,0.2588719508600627,1,0.25205412700938856
ID_C00262,20.006569224195903,39.68283735375703,0.39937953531131615,0.31910625658668773,0.10743912499207103,0.03839049019511379,0.24425991157388535,1,0.34385848140462055
ID_C00263,60.544031723922444,55.15383643791656,0.29655466542926545,0.595399563144696,0.09931454973236037,0.08446009575004743,0.32978174030589164,2,0.31694028225991683
ID_C00264,18.926843572235917,40.88462537241812,0.3626486693911667,0.359023709425372,0.06882012816344407,0.06419919387096056,0.27683400701445204,5,0.3471875732381793
ID_C00265,16.27041827075667,56.36022028383441,0.4078822389230456,0.2335376993902231,0.09744570008475324,0.05527161505220218,0.2111893470519012,3,0.28639752025922316
ID_C00266,34.3852681747383,59.6966255248672,0.6270452800927867,0.5359793143348842,0.04434389316698488,0.13168888710202062,0.28574669557905064,1,0.4247242853902264
ID_C00267,13.675695140946067,37.54830524697862,0.42570542569976905,0.37653885030628054,0.05718586723120214,0.07536553745067391,0.26146448077634477,4,0.1596467997025407
ID_C00268,22.190648511953047,89.8040257446185,0.5398323596550296,0.5474360939652326,0.03388868235575042,0.10638942803992271,0.2682424676692783,3,0.3777088923674023
ID_C00269,13.454838585155299,14.741259430004584,0.4143899556528686,0.6660092846643552,0.09184209004191599,0.07825336876951068,0.2916612132999007,3,0.25276350344435466
ID_C00270,19.85931019138428,47.09715366367188,0.5483631752159643,0.5302411710965843,0.07555037526703909,0.13828854237834232,0.3175074131616167,1,0.21666417096895763
ID_C00271,14.195713244068449,20.195665750854857,0.4826062357817866,0.595799609647403,0.09223826704569432,0.13446624145188402,0.46763237772754696,2,0.4161270464135368
ID_C00272,42.82816676114645,40.81015500813358,0.5749137112816392,0.6072435635407876,0.1553896301766,0.14389780078248607,0.2568099779324283,3,0.22067170850314316
ID_C00273,41.70946005496609,68.92738379564659,0.2821044257827322,0.6594469991819638,0.12043208339424061,0.1285889725778223,0.25116507555362494,5,0.43204448168366677
ID_C00274,44.33659388364935,56.305609218566765,0.5126415817863417,0.3073362470172945,0.024257555001974084,0.04350964921635564,0.3284902243695873,2,0.19733682565097088
ID_C00275,18.69801767170755,59.838563729402914,0.47886759332503864,0.2778332939570504,0.005,0.03414172516186136,0.28177857909678794,2,0.3008648472451644
ID_C00276,29.02067808090355,25.070191125846048,0.5248366996313718,0.47528721671488805,0.08372697240090676,0.011481637593397952,0.2949459076292076,2,0.3011007897818555
ID_C00277,33.60432354517708,94.02143171000701,0.5588301200849981,0.23356436066697994,0.21975708022911958,0.0671193569711669,0.3290336647163713,1,0.1805171727789832
ID_C00278,21.391967171439752,28.736953816426965,0.7156216642397313,0.4230672302380626,0.09785357941480988,0.05188498857865156,0.2916062965286844,2,0.38781760731850656
ID_C00279,17.434257946279043,26.33172119691486,0.3245920919431742,0.18791786143194114,0.08144797074611658,0.0743996012573513,0.21224348552338,1,0.46421632725181555
ID_C00280,23.956317651390272,28.792724839661744,0.7496950182572635,0.24389826489715918,0.055046607857238986,0.04150987435983579,0.1755104836851401,3,0.6671437474796188
ID_C00281,13.675508327406881,21.165977793180645,0.35381858604695987,0.8029313478967296,0.05258358627772887,0.14430606050468187,0.18782262912706454,2,0.07259449800625428
ID_C00282,36.462748244981,18.348199340932972,0.36124112606437,0.49628062059865824,0.016748566561956953,0.0999102125551767,0.29527900959512404,4,0.33641602809800036
ID_C00283,41.861973332908796,47.623444368110846,0.7066905532810507,0.5167557465660231,0.01729766406680138,0.10054042074774575,0.27529924129574224,3,0.22053062168104887
ID_C00284,22.91309329478239,66.56633879412563,0.3785752370153883,0.31371999804267303,0.15234190998408073,0.07598877975514068,0.2096749686493884,1,0.2355483612520664
ID_C00285,30.33291358562133,45.74737888320966,0.7152971354384521,0.4020037290866312,0.005,0.06359692510280451,0.2557505137869138,4,0.5333517350712274
ID_C00286,78.11910043406245,135.20186871884127,0.3706467258447651,0.5912152395976779,0.021120218410531535,0.0956072349854231,0.18635237856301337,3,0.5460862946003586
ID_C00287,38.560751812144744,26.219251277944903,0.5775569457123824,0.5753883517057274,0.08478703026777965,0.15945462132042962,0.3328192793015442,2,0.08796457222439347
ID_C00288,57.565158861921326,38.32722633649145,0.5449926111215068,0.7142660293436235,0.10060639781953308,0.09061121804799466,0.2653298454468013,4,0.387123483964697
ID_C00289,27.10223769019512,18.790040733513745,0.413081321001783,0.37054312453383886,0.005,0.005,0.2490941194240657,1,0.31365594784083556
ID_C00290,37.33295351989139,98.2033062026408,0.5512084810767053,0.5472566645816277,0.06217742091255263,0.0715931720865416,0.28141633725414705,3,0.5437680197734203
ID_C00291,21.751363386071915,60.346375049131225,0.5677706464865391,0.24692561677394703,0.026638826671119692,0.052978098234156945,0.23589993472070236,3,0.2849946700968139
ID_C00292,28.270347346123014,112.90289552253596,0.6932789568331392,0.904523215169656,0.04217510676769247,0.1364821910383727,0.21393179641773657,3,0.490320459715184
ID_C00293,21.615837113739477,60.875829400975014,0.47095053687253524,0.3127401339464686,0.04763831130779778,0.10975556776629511,0.25573018985429385,2,0.5797229605869685
ID_C00294,46.62583151494625,39.37039730288527,0.7320068511798985,0.7187692185117782,0.12864509885502362,0.09130417918150222,0.2667319945842873,3,0.26755241330359697
ID_C00295,28.500264704355995,102.80029553240564,0.5796570979582264,0.20788470173428447,0.054746566788959845,0.07468118382458525,0.1916643487344925,2,0.34543671886056426
ID_C00296,10.755180670319987,24.50121564116034,0.4827499985845287,0.19019282830788126,0.019512162758510043,0.04573975856912545,0.22066183364008352,2,0.19908610335954502
ID_C00297,38.508637843164095,43.238385656137055,0.5880094800446891,0.027049260264040212,0.06428514705085285,0.07728959048443682,0.3043409273574642,1,0.28849396769208346
ID_C00298,16.425656775257508,38.86445256918159,0.47564945917165263,0.2380971493399875,0.0144078404260636,0.037693822780865346,0.2300425148637965,1,0.3582363939675769
ID_C00299,26.417793243470662,57.08108074395269,0.47708950585113463,0.3495858724372361,0.0826304374340816,0.027411638835593194,0.21621142617700878,3,0.2430584479657153
ID_C00300,35.57046934545948,57.28687130741768,0.6106844387569199,0.41992380412492397,0.1488723630422188,0.05426270465049124,0.2354967113031374,2,0.5022304748605276
ID_C00301,45.50814939079051,28.524154884509738,0.6635040073039997,0.27077505976141236,0.005,0.0692674695523691,0.28338117804019525,1,0.2989279358529635
ID_C00302,19.134138005060898,27.197903847347593,0.31189366555856884,0.6033583493992566,0.0056478810024784346,0.13573650911146073,0.2538793784284489,5,0.4163291748897846
ID_C00303,53.984888618897614,34.4889092598546,0.2980955000072374,0.3215857706529591,0.123048373876272,0.02165572436450679,0.3464239405395866,4,0.4373313824548992
ID_C00304,46.005524325809645,68.56075296618724,0.2521818107573577,0.4044658280963467,0.08033412130576262,0.0532949606752705,0.21532475703308124,1,0.5282143931781998
ID_C00305,33.665086759370475,76.3457544559566,0.6820372353710745,0.2787290761036364,0.07995255543929908,0.033331228744828606,0.21233845198708928,3,0.3222615967901692
ID_C00306,22.898012753564405,37.32420762082748,0.3271518593613422,0.4556616665677555,0.04829267615090094,0.06032228488056002,0.263692779865682,3,0.3062198518791416
ID_C00307,28.137049153249894,36.454314211544855,0.29767672659143013,0.6765774925166557,0.1626274069888019,0.10343584635568343,0.3786097975971907,1,0.6638114898132761
ID_C00308,41.55538826631062,71.98549285560807,0.41530027707048894,0.4372325560060305,0.08342459711544978,0.0471520901736729,0.338835992355881,1,0.6824582463332238
ID_C00309,14.549884864220358,41.37793183758087,0.5740469651407583,0.48917602706627134,0.018941023674065447,0.15679408449391713,0.2668261374910483,1,0.21621342483209127
ID_C00310,34.373960573671695,55.99874629061285,0.39243234522194503,0.6176614551776526,0.024205587734506817,0.09851101108753864,0.2361970267944711,3,0.427705138662961
ID_C00311,44.538864021911444,66.50842542533195,0.6897117044558293,0.5776807698865146,0.04954842381429819,0.07157718795113388,0.28885599150025154,2,0.1815533814555736
ID_C00312,11.839227142126687,26.32519314713323,0.5326582735024716,0.4690091415175396,0.005,0.025472515813294638,0.24383821570295805,2,0.1293537880631841
ID_C00313,26.251042636820795,46.5796627528971,0.7257710965751413,0.3884196490028234,0.09234211264567262,0.057455506564662244,0.26967771207947305,4,0.26325575052341427
ID_C00314,66.23677011799867,77.16711743616659,0.5823200954631096,0.44796905305975304,0.06281798055384151,0.11552207052506185,0.22258272310674906,3,0.32697849666669887
ID_C00315,64.23861159685147,78.32906845697939,0.6102295764279748,0.5208262825480501,0.13936372323190926,0.11504584923873519,0.32134923836132345,3,0.480609845264131
ID_C00316,28.450208203881314,31.212915841710316,0.3779695409403719,0.7115585287861288,0.06188969812951411,0.07877805949299038,0.3554935341560158,1,0.4043713424597947
ID_C00317,29.538434948572963,55.97918883457223,0.5583194656979754,0.47412817669850216,0.08636638408855507,0.06121016166480109,0.335682985337065,1,0.3311450118685846
ID_C00318,38.310891416104454,54.63701116750717,0.6038404550400384,0.3156190021475277,0.005,0.07180871699904422,0.2892917288759458,3,0.41593556172049273
ID_C00319,30.744722334015073,51.59701761915374,0.37133702147751346,0.7144301710233691,0.014937407032672122,0.08156425614734564,0.2853724351348658,3,0.24114454071675473
ID_C00320,25.263039544292138,13.317850786098187,0.5014976266188009,0.11869577140737946,0.017260095903584606,0.0770362617407133,0.20368781591880858,2,0.06998209538819081
ID_C00321,14.803256632954103,58.75150963223839,0.49774567063434116,0.07336846503842943,0.10401119774840945,0.09359054668228914,0.25843018827481845,2,0.21113810153986562
ID_C00322,64.06174738180262,37.74437173724437,0.40734995681856656,0.4593866354529014,0.008859830362349212,0.04457140967309215,0.26386720898601074,3,0.5244446872717629
ID_C00323,21.01317200886563,29.277759307422716,0.46216821446150574,0.5651540795765266,0.07201014972134798,0.1415449788182902,0.34697102108990907,4,0.3844818089185985
ID_C00324,12.64464323417699,25.119306333203408,0.7222648329263129,0.4647613977219562,0.11303301751115205,0.053455585636857574,0.3543727310074232,2,0.2196005883746133
ID_C00325,32.73315928230335,54.512821259953384,0.3050850225530666,0.21868460610917193,0.0566206184806705,0.06947074292802578,0.2655050747469886,4,0.2686482730750495
ID_C00326,35.23341692822834,44.38008309090716,0.30040568890089003,0.36025166650705687,0.052248226123566076,0.042965750202357475,0.26765881022442073,1,0.17052513755416393
ID_C00327,12.443864354170687,34.79979645535482,0.27865147727026307,0.4187553039486639,0.08128512956378961,0.013293406003278822,0.20838163803116144,2,0.3647165463531449
ID_C00328,25.390648329525867,46.184291284883734,0.7121448797048042,0.48256709533036596,0.017771273335488322,0.08137107831892755,0.144809115996333,1,0.6511819857624731
ID_C00329,16.646284876925087,23.278129186336802,0.4111693864040221,0.24440545679547318,0.005,0.05538769923254391,0.23358379346054864,1,0.14617785027256014
ID_C00330,35.369517088121945,40.181116972471564,0.5895371050597968,0.5624697277651347,0.03979343299914183,0.05159319214889388,0.20613960182694846,2,0.22701024633610595
ID_C00331,43.5614348520237,40.24453112996653,0.7187826293864735,0.47219037070120906,0.0590343934526621,0.05812211797061462,0.3739189565996565,2,0.3511348736183312
ID_C00332,17.853038577608434,24.55585020152558,0.559857300607312,0.4989165440946985,0.07705190349128796,0.046834832971905535,0.2602160579164707,3,0.191534485250295
ID_C00333,31.95306287280354,21.399454368962523,0.704525509899142,0.5398981900702345,0.1529975155845641,0.03217382295771716,0.33259274302637604,3,0.5005345474275896
ID_C00334,26.147240240947188,39.359701940297285,0.677981254406841,0.04775529439565207,0.055176381475834764,0.041048433260720635,0.1647082408923941,2,0.4133299042248327
ID_C00335,36.71402595076406,73.55402991906365,0.25032115184993686,0.5384665005192665,0.16257248744988728,0.06553897799896413,0.42072237266330814,3,0.7252563770397971
ID_C00336,46.188260107771576,23.680219944483174,0.7356306581344342,0.21591034205549828,0.054286202913572945,0.018018650695618338,0.3063101009061948,3,0.5310015362083023
ID_C00337,90.05797186694033,66.22066259152521,0.5029822092968286,0.5126557033650485,0.09424025166011145,0.08177700324166556,0.22893313626771503,2,0.4454693958661763
ID_C00338,20.123520155611867,59.640723910124024,0.6025629729996109,0.4721225372799792,0.1084719667018922,0.02884744659556673,0.29181621410141007,1,0.27266813453023886
ID_C00339,23.585822145761952,31.247070472355958,0.3626239020897535,0.5184970894462246,0.005,0.14228631474848977,0.4031947267828334,1,0.07248177610247228
ID_C00340,57.554057685415366,65.4458220815684,0.4220185841295769,0.11967983832895024,0.09382089645983238,0.06376083777336963,0.21454524738060074,3,0.43655481232800586
ID_C00341,18.11625738765494,24.572363136930882,0.34222298044342064,0.6474751815086582,0.10240158771467801,0.1518585607111597,0.3540687396968573,4,0.15451580483283292
ID_C00342,15.747528388948316,35.732965330894665,0.4435085578120918,0.2940812598004263,0.0483281108849795,0.0750869072719416,0.27396578282160605,3,0.4586563072894172
ID_C00343,27.483549392041116,24.845731129151673,0.44522325519847994,0.414811216182388,0.042750758618131955,0.06119287575237671,0.24729394188695727,1,0.36128495390562165
ID_C00344,11.051094299440681,23.35819156547147,0.7488377236849111,0.43567562903083584,0.03782088769013892,0.06116152553112969,0.2969953876122434,2,0.21271587112090418
ID_C00345,22.312793093628013,35.30314933579815,0.3732379265417134,0.15795442437507,0.11272825788255329,0.059618082864630856,0.15382058492993056,3,0.27758902382347767
ID_C00346,34.76086889450164,46.04650032102077,0.41029203122495306,0.11642794906954304,0.08750091686999031,0.04162669906815982,0.2631546226805454,3,0.281516002010896
ID_C00347,25.346312880016498,35.95688651782238,0.34488406860538406,0.31054833827939643,0.09195811465445769,0.03097838137379558,0.24842221527973066,2,0.4240571329678771
ID_C00348,19.277009968088525,65.19643928192797,0.5171892216318053,0.37884533969194717,0.0663900487849316,0.1045299702998563,0.23868284115855462,1,0.3136044645630268
ID_C00349,28.9926779106385,60.72997974984341,0.3735337936403595,0.41765947982456963,0.14869393830434707,0.02024141279579075,0.2745303451227944,1,0.5370849579982466
ID_C00350,26.32361051300085,40.47373694166867,0.45852644169807394,0.5454991359655541,0.025665300163839267,0.08255161203746259,0.2969820883356676,3,0.3774020027178072
ID_C00351,92.36547603907498,67.07204379456128,0.43999919725694575,0.4309002356085701,0.13129348098841354,0.02440880595750273,0.26016034666969523,1,0.3843594334986006
ID_C00352,34.397760266603576,77.13767300175363,0.5357579006726381,0.5948142144626707,0.03493621107906059,0.19231847166596297,0.258622275933524,2,0.46753098830936923
ID_C00353,25.260899229158714,78.91091801080545,0.7261429537751591,0.545817080747911,0.0528054207346451,0.07015250542000341,0.21761114294477643,1,0.39438201015981966
ID_C00354,34.526583008192084,58.24787230551688,0.3997057474082622,0.3420559914418301,0.03146221545498415,0.005,0.3230879247101684,2,0.34178436191337824
ID_C00355,41.0062020038132,74.12084892426468,0.46951755611404844,0.4116574843912364,0.09208299544094971,0.04840323537188769,0.3511054475426738,5,0.5928720814641502
ID_C00356,14.323378393627474,28.511173357284715,0.5074698607863863,0.2709253463084382,0.03945639399367026,0.08340948644692062,0.31186690518969234,2,0.49977312704979254
ID_C00357,21.31542096585455,30.874029826571963,0.7034512090277656,0.10226922456826679,0.1069238059804648,0.04017367656034926,0.2883700763869211,1,0.4715438369482128
ID_C00358,24.06805705723985,56.27061817528321,0.355596860014529,0.3123291066251971,0.06391737908730842,0.04417873209711038,0.31577173457864305,2,0.30178630502491144
ID_C00359,40.29398995333416,37.89705601673164,0.29242922177746716,0.3831157414797034,0.05672189930248403,0.050238807156421164,0.22497173334849244,1,0.3164247984827262
ID_C00360,41.51717641791356,55.553232577799484,0.33253930104390617,0.20674109790593898,0.005,0.09933803592034178,0.2276395619961482,1,0.21756748540009846
ID_C00361,22.62211374353849,31.049346864686015,0.5810248023157812,0.1636774117316699,0.032068409054230654,0.023745697007982243,0.23338870987462557,3,0.46202040615144147
ID_C00362,45.00483020515576,43.485153051472594,0.7309165035961838,0.5177713604099816,0.10131171424410854,0.1102560979968805,0.2450373950917977,4,0.39301646543935564
ID_C00363,27.00417702225553,32.92347994322503,0.4123853143172404,0.5267874309504643,0.042857121284245854,0.1449236474327221,0.272898019588353,3,0.2823511800589675
ID_C00364,25.715361738239466,18.286438745515397,0.40619390610101863,0.7269147501966808,0.13779768250178487,0.1913824609604144,0.3940427174362761,5,0.4664391275890606
ID_C00365,48.746028544750395,83.70826740927717,0.4451293144735977,0.42470067074841744,0.09056992038998721,0.06753377095862065,0.39226471974538196,3,0.3914376118125678
ID_C00366,30.90534280406956,22.919978976058175,0.38537052533194344,0.2412507176268699,0.01969553101831011,0.0472900026761663,0.3315902349605964,2,0.09998904804117151
ID_C00367,30.145701300453368,29.907505547212256,0.5927961162189552,0.22179709522100552,0.024727372436688773,0.04555106110635784,0.25788883804680934,3,0.28262185048137595
ID_C00368,28.832786944689484,76.1876907411106,0.3681337886391652,0.3555878545634485,0.08037540835322973,0.057576207073317925,0.2795160286493195,2,0.760963903612375
ID_C00369,40.915027372011366,65.2144324280745,0.6031220558416235,0.356053648665311,0.005,0.10050905314606559,0.3073044615415715,1,0.18764144699456475
ID_C00370,16.019257345571457,48.07871485849296,0.37869378784730734,0.02,0.1350043265501676,0.005,0.17273717240633119,1,0.5189854821368538
ID_C00371,14.376037016980723,35.06217237283034,0.25096485393666973,0.42812269275815684,0.03028524208702394,0.038077899424168046,0.2974362779231431,3,0.27945207070892086
ID_C00372,25.17379560020364,42.615317633752234,0.7144650085631796,0.6450094608913287,0.03723577037788102,0.07128125940047705,0.23896719633793587,4,0.46909154906268064
ID_C00373,19.319794323906862,41.12838675912099,0.32167503510476925,0.5195132137006593,0.02892587216051292,0.08386246275661248,0.33743711749113714,5,0.4150567987213153
ID_C00374,69.25915101188488,63.3633465350488,0.44795633952035113,0.5170946327951784,0.03976707463029671,0.11135599651442082,0.2615504988627757,2,0.3339011907149718
ID_C00375,38.11386575746575,27.940216192673535,0.3536766665132279,0.6931099165589298,0.06127234194734209,0.10445387292161304,0.2930976462359233,4,0.3355239692451141
ID_C00376,38.22135555700028,36.22493476914893,0.4213440901889157,0.5406014567215379,0.15958016532433222,0.11165915587462599,0.2394555528095706,1,0.21095838901323116
ID_C00377,13.697451881951604,34.797018534712535,0.6908597116373854,0.02,0.005,0.050258389079558874,0.1995913412005523,4,0.49712811623251557
ID_C00378,19.198509809959567,29.068083392216668,0.7234581142119902,0.5664233251497639,0.06260172144464683,0.06407144800455979,0.28087684508365296,2,0.1545708336022468
ID_C00379,22.37176276427816,52.84494488464412,0.46604521178974456,0.5819554006723362,0.005,0.09740957550291886,0.2555658715518519,1,0.33884626746948776
ID_C00380,30.822849632122367,25.870139147896808,0.3196986915604944,0.3018912841883722,0.10345579029022327,0.043447394431384276,0.24370708896564305,2,0.019230226115112325
ID_C00381,24.18244119279325,57.83881259103008,0.48337646295947,0.2631877153746695,0.19163594284931662,0.03408759875379365,0.2960523004582418,1,0.3795031355737536
ID_C00382,12.912973099420826,36.46874462696138,0.2976168051441877,0.3946317858910323,0.005,0.023803994528254498,0.16796995725792477,1,0.46231126917078547
ID_C00383,105.05870142689425,53.7362393517481,0.34206960857459123,0.02630745012739788,0.04023565125911594,0.04209086442096391,0.21743519368199277,1,0.4974207771378583
ID_C00384,39.19021905531729,39.6548214516882,0.5325740563479435,0.5665833097806716,0.05050055037686122,0.07220893812086626,0.3195037774736116,2,0.2093351137511366
ID_C00385,31.092592168344108,87.92533428498172,0.6482333241417713,0.6599183993785311,0.13585947269643672,0.09521623954683422,0.30998648901720854,4,0.6134791274098493
ID_C00386,16.408579081617916,52.98928046572672,0.6734168875055659,0.14494125985665698,0.10231662495119355,0.005,0.21722733125960425,1,0.21276067531111836
ID_C00387,46.06639092081801,34.08546368183126,0.37074480318240344,0.40259621134335055,0.005,0.031003301866377123,0.32916199847227023,2,0.457143076381728
ID_C00388,71.9341797021385,79.93257435673077,0.7267101243267151,0.12605289348836765,0.01783400153700164,0.02513067202428388,0.1977791755845784,1,0.32583348111783056
ID_C00389,20.247903756554113,49.12772589820159,0.39065758693694147,0.7200792758428317,0.023266465265811897,0.09740251474058176,0.2956356289637401,3,0.33928933142370477
ID_C00390,20.117066946372336,34.669745210939475,0.5369921040762443,0.1694082221382308,0.025119699043932485,0.02190070593926415,0.2419961983343832,2,0.33401297228935645
ID_C00391,24.37137194817842,39.83291662671241,0.5585114550802803,0.46018956486064416,0.02284847304631287,0.07529151034266618,0.26771396131689007,2,0.330384541235442
ID_C00392,47.87888065427746,50.198793492005606,0.5608980969000097,0.6929787452470418,0.03769888941131938,0.12204931415482327,0.3034848359742677,4,0.38243444013249794
ID_C00393,63.96515747560087,48.184848764005025,0.5092902961756768,0.40087196233225786,0.08870201663964541,0.04197550399040695,0.28025932243295104,2,0.13720801788730633
ID_C00394,10.490836325061888,21.036128680426007,0.4917749912153716,0.18561759860274973,0.07538842568360017,0.045776771091881545,0.3098197302505094,2,0.3704709194093808
ID_C00395,30.787512985659934,18.709778349687618,0.704308886257506,0.8698847853482332,0.049296082829774476,0.16267032634643885,0.371311880531892,2,0.2962374359188198
ID_C00396,21.118336310569944,30.618680597513062,0.6478543110625024,0.4834732029977563,0.02735242900559998,0.04557466034808908,0.2830507427707103,2,0.34789238463579036
ID_C00397,18.201105752270205,50.28554919851554,0.4578390965561171,0.33658170031798196,0.07853841849777951,0.06471839057202866,0.21507912956711098,2,0.22175105167166465
ID_C00398,28.089766792994734,48.387187081308916,0.3901150543985689,0.31758935007359956,0.04700949746346767,0.08765003064428038,0.1692359942198265,1,0.481121860058184
ID_C00399,33.09047681603504,79.28335437442288,0.7310071819094299,0.31753774287953873,0.005,0.037977083345646485,0.2602178222937,2,0.40327410268043556
ID_C00400,35.96685841939659,38.799884443107786,0.6128751173596235,0.39802421401641486,0.08726919844326168,0.0070937830628862095,0.2579342753052159,2,0.5073932415427371
ID_C00401,26.77513427330675,28.0132162139759,0.2903858796036765,0.22353839476157317,0.07201380405619554,0.11044279015657281,0.3018139726616432,2,0.320512604535396
ID_C00402,34.271672733223106,136.25827952398885,0.35252529926159165,0.22757523004499094,0.023255428692171412,0.08191177206952323,0.3234381872327291,2,0.5170218217929075
ID_C00403,17.5678091889614,49.785728979691584,0.599635404506969,0.1891243076354674,0.09507772572849195,0.07436644226750508,0.18468122489421038,1,0.22252840770507934
ID_C00404,45.2305122897578,30.164585703264468,0.5922634892929058,0.7246846810634295,0.046470181988275995,0.1552515924216232,0.2647844915255104,3,0.20801754636253555
ID_C00405,22.604577041975894,34.0156813559152,0.7381004321790445,0.08908968561766792,0.10531488956162936,0.055041438565862015,0.22954248293165794,1,0.2824663162086546
ID_C00406,73.69674952938519,44.83230577753061,0.6415064177284213,0.39200279177871045,0.005,0.05235800390952744,0.3197214247340536,1,0.09200387464223053
ID_C00407,39.17705337165603,116.30249195826096,0.6500999715182516,0.46611438904874825,0.022590287712839042,0.07600749322125466,0.2680598942026998,2,0.5047214618530954
ID_C00408,13.804115707027016,23.516597501567194,0.3895049017070632,0.11545289020671057,0.04097731915725583,0.05760376115465443,0.16312030023186555,2,0.3604380345028865
ID_C00409,26.099165158193884,38.24522651802474,0.6284681679712796,0.5753805246442951,0.007163720166219231,0.11722807279177132,0.32049677924902836,3,0.44454090619273867
ID_C00410,22.61849015186069,22.693439839653895,0.5577583473790756,0.14710582676852352,0.06537335837253633,0.059988118901128366,0.2016202266919907,1,0.5546009982079128
ID_C00411,25.571892837124675,41.67795208936305,0.2826386172393299,0.2996682609638316,0.10110120766961095,0.02892168354970627,0.3141643399075323,2,0.33819494431837377
ID_C00412,26.368320748740164,20.30760530092412,0.6069303425320338,0.612008077105079,0.10558241034320248,0.043567052868358186,0.2804422653348473,2,0.45877571374091614
ID_C00413,35.421191181818934,50.74983732388828,0.6490197506360094,0.5366923557988733,0.04519659019725023,0.1644958082438597,0.34047603512214436,4,0.365101853224266
ID_C00414,69.1239725537459,24.825880644505183,0.35077584858719607,0.19187978282005477,0.06588936211915968,0.09875347460437547,0.1865812658350233,2,0.3845577398664777
ID_C00415,17.85934865314702,43.902854773233805,0.6701255103139059,0.7099584519790377,0.05817390748835817,0.18565270025110928,0.37606321038803114,2,0.19817700295768303
ID_C00416,24.24816600344931,33.30967809717349,0.6330167033002065,0.3973044163564793,0.12861375173154996,0.10252032833865277,0.24863395370415609,1,0.2678747007543031
ID_C00417,30.07362725660563,54.5772421107927,0.5957770735537093,0.4709465550277081,0.08924291194767332,0.04656445177344723,0.3358787098466578,2,0.3350175320911572
ID_C00418,29.589298335907035,29.038786046373563,0.48766672569165515,0.18288512048693284,0.03089590826667283,0.030016588391875657,0.2971323599597402,1,0.2779064481459403
ID_C00419,28.83890327557479,42.15294455571491,0.3348484661209327,0.734411641339427,0.06574899997257591,0.08032758623371868,0.28830919834251423,3,0.6190138613095626
ID_C00420,9.04597296316729,55.037960288450044,0.4016243090739229,0.10896592685483872,0.1176926062447125,0.032146722694998714,0.18599654229857948,3,0.11113692833569375
ID_C00421,33.23714668368198,108.51851596558357,0.6282579338226705,0.2951087283703822,0.0395431517130785,0.03351255759566826,0.33387847249377056,1,0.3967956144567447
ID_C00422,36.690785714687046,18.726351093405263,0.7096110496845252,0.6510246684016898,0.05001080416352719,0.18649028369758036,0.4845834544697744,1,0.014633524469903958
ID_C00423,28.024537202082737,25.381684282272715,0.6376166260966074,0.6870524068795807,0.05983789237584683,0.17928304280813,0.3773693953472306,2,0.18627763972329892
ID_C00424,72.03840166468666,18.77512484863603,0.43963297529313644,0.5004339749124633,0.054658736602056876,0.15666936123276662,0.35787635285749947,4,0.5204274203794815
ID_C00425,23.06207751868071,82.93745881286947,0.3681450507584828,0.45773327417846804,0.015800608763664743,0.05378974612048808,0.256453929467757,3,0.43461409811815055
ID_C00426,21.384255962225854,32.948946716196154,0.5273597620293387,0.2858459576366768,0.014249746468221115,0.005,0.2403564901604138,2,0.16225165497719893
ID_C00427,18.569105353172183,16.699594443988474,0.27247070175460353,0.3249302063495839,0.08375756283566224,0.08093472623907708,0.27760667941117695,2,0.34067934125697913
ID_C00428,30.75193135787502,35.44966569876966,0.7459476593647991,0.3468740531923558,0.06793238823025517,0.04552085016966467,0.2731386649081872,1,0.11343479123041764
ID_C00429,20.336501174231707,15.868796229549933,0.36891769244089556,0.7375655531853301,0.005,0.1421559593340006,0.37338271633212566,4,0.35697795874357097
ID_C00430,17.26769165556803,53.3988448113091,0.5168099669699339,0.22166568262925007,0.0744400783930104,0.009275060873492509,0.29985139299254915,1,0.45371330505365093
ID_C00431,15.099257018564302,27.649659258273374,0.6780975315742084,0.1750297672664839,0.05263933207672985,0.03838970451922049,0.16929654035573602,2,0.24412958644936797
ID_C00432,15.733148032026348,64.98677943768637,0.6281535572354767,0.37700429339269254,0.02866991269269214,0.05611940709496643,0.2772261991871833,1,0.4714005967516695
ID_C00433,17.168357262011124,40.43778699623598,0.39927112437606976,0.38351556184202357,0.015325905603065813,0.08089996206908484,0.3155704673725338,4,0.12939271835550448
ID_C00434,15.67778248425682,23.424741833569687,0.5253794461015968,0.2670651941750051,0.005,0.04528139467471931,0.2052943832140611,2,0.36345929920615355
ID_C00435,28.53589430066978,53.6271367284828,0.2743337274204175,0.6077085744177497,0.08272280373097944,0.14505840297637052,0.3318763698159457,3,0.17756840494578952
ID_C00436,36.26327534933138,29.240886326658973,0.5916383072589706,0.5519327423667391,0.10601463667525322,0.13016836335254056,0.2415678597519267,3,0.3707820295578327
ID_C00437,83.0602854053894,35.0904177115104,0.38711928611266927,0.49242414755617847,0.05848454804524897,0.13954226336199035,0.2773312577785745,1,0.22596245954942668
ID_C00438,49.427600277835936,55.81605942117686,0.6881723346987586,0.4685063359242855,0.2170667103492548,0.029574783731448017,0.29489665884842076,2,0.40641915945590446
ID_C00439,27.603031506818603,55.24072688594137,0.6453007445278001,0.34833752380252614,0.08032656868912694,0.05973263477761026,0.29078493569429764,3,0.30709119996300205
ID_C00440,27.96608401768386,88.60328964300467,0.614909460531902,0.2927636218879745,0.037190370307942686,0.0939886817362325,0.23482587313880798,1,0.18362183240858096
ID_C00441,22.39740359906294,20.20899490583405,0.7115073295238763,0.034763417714571504,0.05961685416512362,0.037494628531093435,0.20559716280340737,2,0.39563324280338585
ID_C00442,27.38468109964308,85.39529801688714,0.4018225672690667,0.44919521291259723,0.013316697911587752,0.14513813013060775,0.2668810934644917,1,0.4526686634126517
ID_C00443,26.931778757946258,46.673660876713825,0.35767858373970224,0.33091174883856,0.1136154932991731,0.04277735297868355,0.19305922687395344,3,0.338203107188968
ID_C00444,17.151969244398863,30.91273432509147,0.4735994824617676,0.4312676890937726,0.11055278791069399,0.13471777408528046,0.2647920031212742,3,0.5153078135194303
ID_C00445,20.712444715784578,44.86114162239234,0.48688387591578636,0.4585444953206078,0.13202858167270912,0.06233543765530304,0.3145278659137127,1,0.3326800081353994
ID_C00446,23.527813029512313,44.15339678350709,0.6513229706965455,0.4021198643512366,0.005,0.08107075959670601,0.25683282531269164,1,0.5693946717079996
ID_C00447,17.355395690304483,30.37131590031066,0.7082166239644532,0.3281038459242295,0.11494348711891546,0.05899278747260267,0.243119282942516,2,0.3772978004582379
ID_C00448,13.921661996034178,34.0758393047847,0.39062298343712065,0.3001208327114214,0.054724138600258404,0.005,0.308944585585259,1,0.3535114018006144
ID_C00449,33.76561511238634,86.79310356923422,0.7484547123050203,0.6155522599725205,0.06245492516486645,0.14094183250482767,0.33222459470252846,3,0.24274549175783022
ID_C00450,45.68084189929642,39.07269780382013,0.5842927229104922,0.4148728175920273,0.1015226428104874,0.04261958232198347,0.30338074132838444,3,0.2449910070536211
ID_C00451,47.10262341838519,83.51456783102574,0.4639471315896236,0.6207295835578513,0.0802847347469778,0.15171756688079208,0.2620169160666347,2,0.5268550791929342
ID_C00452,28.52994362093156,40.71249357466507,0.3243099181384519,0.3057396557193623,0.045373086300822,0.05474101247555971,0.16710618677345626,1,0.16317783274215858
ID_C00453,30.087474191605533,46.791417254672005,0.5525884250015392,0.4577317015147673,0.02335936744158415,0.03622957706665516,0.36294485838056567,1,0.17967143854216955
ID_C00454,91.04001268344203,56.99795096277847,0.2747674710334379,0.5458082017825229,0.05269818264271447,0.15115313114764015,0.3719751001411282,2,0.5944501330517845
ID_C00455,27.411417332988094,29.764829886645952,0.558564288842323,0.3934871605499599,0.014142193755029127,0.10055525580747823,0.2956618263687359,2,0.1747305870492641
ID_C00456,38.1494603849365,51.01947766160696,0.7447199533498724,0.588645744071085,0.08523693852796792,0.12952543500797847,0.24788476371637005,3,0.47040291771054843
ID_C00457,20.254056246042342,27.41329955460508,0.35717271847389154,0.19268404800214253,0.03207749063431008,0.05363732617588275,0.2158088739249018,2,0.22547858942311505
ID_C00458,25.144048264636037,23.513049329814123,0.3878327168935831,0.45669706595837234,0.022213625864845616,0.11301771730394924,0.32428428268263665,4,0.19271151372096545
ID_C00459,18.819592669552023,50.007194462793564,0.25841296962641236,0.27754726109677835,0.1028364001067949,0.05955143936156249,0.2599456463795511,1,0.1685527572940756
ID_C00460,31.668155922391062,31.235585186192807,0.46842600376888716,0.3378605506452882,0.0240350751344697,0.032276024473853956,0.23584260986981698,2,0.22884889556155205
ID_C00461,51.565549872834076,50.59704377041355,0.5087526221967746,0.32568795924455496,0.045158863368800976,0.05902502759078601,0.3158097869856338,1,0.42949485351890504
ID_C00462,45.12600770823349,89.2575594955116,0.5261923946560267,0.46874116334313587,0.06073435952074091,0.14813310157866563,0.2787673665903785,2,0.35319044982652886
ID_C00463,42.45535085820554,53.36960858071988,0.704486502774942,0.26094241891920567,0.01468537941809598,0.03541191553022399,0.3618212606170833,1,0.2570388832930773
ID_C00464,38.70354933313108,47.87432688601625,0.3114853863160263,0.5593526050526618,0.04796613531562874,0.08108471308601733,0.29235512824152105,2,0.1730814244652562
ID_C00465,50.41862095569569,57.03915355335606,0.3183022013898277,0.37082262808469213,0.13967351200043943,0.005,0.2305833048433677,1,0.3562629009260665
ID_C00466,47.95615244703865,62.300257639987755,0.5651177474864941,0.47293262446563056,0.04552172663073412,0.04738033365880474,0.2760813485937119,1,0.33029391775108713
ID_C00467,45.55736422979062,27.510243623982845,0.39668758639599827,0.07514819705164763,0.08465589601430398,0.05625808232976158,0.30526337579663854,1,0.5141937747456166
ID_C00468,17.77769595769643,42.78389629337424,0.5272097987229891,0.051302024420392806,0.02814702565949333,0.05447929436502186,0.3628736537732353,1,0.4927633380756862
ID_C00469,27.449758187366957,34.75770924767579,0.679925028432767,0.6559753610818235,0.005,0.1300218780919273,0.31000026541091275,3,0.37847373851075283
ID_C00470,32.21363164329528,59.899299715969605,0.4904540560907403,0.2694017627212393,0.04714218387809579,0.09078914168224787,0.26258078244688393,2,0.3375798728798819
ID_C00471,35.84261509971388,24.142556398320803,0.5360816515737292,0.40119110162486316,0.12924799994747854,0.06448174529747028,0.19371825874276838,1,0.38796643116052554
ID_C00472,33.841008708499054,71.03472752805166,0.4119897733759082,0.5350212497858526,0.08384693852111451,0.03881340904483796,0.2586957214884468,2,0.36512116158723945
ID_C00473,34.82484817184133,66.4374580627995,0.42067666109535523,0.41716047945368906,0.1990790147245272,0.11488415658643884,0.25157789581411266,4,0.2952285322286191
ID_C00474,37.20841055626352,17.52568477216736,0.6121800474214006,0.5352711686465443,0.07322490477787942,0.0955474664616494,0.2564499869375375,5,0.2456857272415267
ID_C00475,32.11764294713818,75.20370816930097,0.36390557554319203,0.26843364447255674,0.005,0.06281244700596374,0.23941999744039466,1,0.2119022704062397
ID_C00476,17.291205042044698,29.948133445435033,0.6073200805895135,0.5903588070281103,0.1274987068869011,0.06493053609302213,0.2031957520477638,2,0.40418121356720016
ID_C00477,47.99883105002048,57.91100495140773,0.5606165891068318,0.4024549832403988,0.03714629879851017,0.04497025591263125,0.38185639484799067,2,0.4454098688635388
ID_C00478,26.939684683325538,50.24385745617196,0.7070023527254838,0.3776710277946016,0.005,0.06488215150845099,0.2833143641256572,1,0.3455551590850702
ID_C00479,36.075964427692796,31.402465029046574,0.7096984621838718,0.6153467927170878,0.12382781510385024,0.02031183560032067,0.28901676703319573,2,0.17506522368614508
ID_C00480,38.51909843346062,94.55435630504209,0.4265939148604804,0.45229953282473284,0.006043017376378308,0.036467141114108786,0.2636000553441594,1,0.4165960271638681
ID_C00481,40.84660070938099,39.14033094269706,0.5753899177870714,0.5592728456019569,0.043125648040520104,0.07948344524298016,0.30796850336536796,1,0.16774355648837708
ID_C00482,26.14321003796438,31.96778007789351,0.5032723891615027,0.7114644048081823,0.10020633666818891,0.13770437721812706,0.2577160221973395,6,0.3942073101899983
ID_C00483,24.993631838611172,36.65187512643292,0.2537282157119015,0.32245928759896464,0.07001858099940472,0.05892272123039262,0.2255846103472654,1,0.3122772400570632
ID_C00484,19.10926240411295,44.085253837458744,0.6314951346665176,0.747279236143574,0.036500943874935354,0.11069845668618018,0.28935709933851084,3,0.44351810140581227
ID_C00485,27.991308618579957,45.474808502269,0.3627617291415424,0.7183628729479721,0.01354754045065313,0.22328571877580858,0.40681507161041364,3,0.09947290981938542
ID_C00486,44.71163273246881,30.729839827984627,0.3305961214616821,0.34783796626418406,0.039423251491011856,0.03107725318087338,0.27193852844095995,2,0.34253747459945477
ID_C00487,44.603373573310144,91.11001625830981,0.42182296286488213,0.3170181617792471,0.046902445294711916,0.005,0.30615510551304476,2,0.19499878501163798
ID_C00488,43.313299787477135,31.34412418857493,0.5406756537750216,0.7126576389791004,0.06018216502050898,0.11779728061653497,0.24751971836991682,4,0.3407511147906221
ID_C00489,16.912204896571623,17.043926825581654,0.4321785356675897,0.12611885630566666,0.032145393798862595,0.03449503863615211,0.3074089438935707,4,0.3234982065457753
ID_C00490,19.226879619843096,96.24322604557909,0.47526990275582975,0.44194972723097153,0.0655983977679099,0.056890919558226935,0.2552711558919196,1,0.11275590312682854
ID_C00491,43.97504938882625,51.875021825051256,0.3083518458394297,0.5428747787453546,0.1630991417087873,0.04141860595407835,0.2890340544962889,2,0.4190457488110723
ID_C00492,31.517028898496605,34.055737641838,0.52627396988649,0.5234646187704759,0.005,0.008711850119016054,0.30123422266028776,2,0.3937117893731026
ID_C00493,22.43258453047159,25.58605785116283,0.6872527995565891,0.3999372266153275,0.06406283131849837,0.03951898358316823,0.23330297736768685,3,0.2067898615672415
ID_C00494,51.320237489888385,38.33682497541912,0.6674722063264733,0.5073698411986199,0.005,0.08698078558314983,0.2714940404434921,2,0.4394239633036257
ID_C00495,26.654074461934776,57.75243349576328,0.25186275403881037,0.35138968341027554,0.005,0.06782618913011333,0.24144186189500277,3,0.20108409501388758
ID_C00496,39.92384632318225,21.831796621953227,0.4331860774547452,0.5372387434143576,0.08615200517605738,0.023767579102154813,0.27985001782647306,2,0.3177867715420174
ID_C00497,51.349335205341376,33.595008510209816,0.2521414053164675,0.3982151361707609,0.039089518093158304,0.0402548622144812,0.28364341189142456,1,0.37418868289585694
ID_C00498,46.33866130077571,30.450682468513754,0.2613269938539687,0.22047195272799486,0.06432414450636864,0.005,0.32454549074647293,2,0.4426202090580615
ID_C00499,44.23725178814635,139.75650885238983,0.4715259996791735,0.6738849884673459,0.1215618034225824,0.10038547075733724,0.2534979294705687,2,0.3319141772376977
ID_C00500,27.989974566340873,46.83105917098165,0.276044387484845,0.47102748764711766,0.1721892679928608,0.025604041569124786,0.2433025604193034,1,0.5436447588910924
